SET DEFINE OFF
INSERT INTO ROLES (NAME, DESCRIPTION) VALUES ('ADMIN',      'System Administrator');
INSERT INTO ROLES (NAME, DESCRIPTION) VALUES ('SALES',      'Sales Department');
INSERT INTO ROLES (NAME, DESCRIPTION) VALUES ('STOCK',      'Stock/Warehouse Management');
INSERT INTO ROLES (NAME, DESCRIPTION) VALUES ('ACCOUNTANT', 'Accounting Department');
INSERT INTO ROLES (NAME, DESCRIPTION) VALUES ('LOGISTICS',  'Logistics & Delivery');

INSERT INTO USERS (USERNAME, FULL_NAME, EMAIL, PASSWORD, ROLE_ID, STATUS) VALUES ('admin',      'System Administrator',  'admin@system.com',  '$2a$12$h9ieQ4D6Vztalxf.vqmuNeJIeHgi9XSXZwzzBDJIvpT2CVtdNhTEy', (SELECT ID FROM ROLES WHERE NAME = 'ADMIN'), 'ACTIVE');
INSERT INTO USERS (USERNAME, FULL_NAME, EMAIL, PASSWORD, ROLE_ID, STATUS) VALUES ('stock',      'Warehouse Manager',     'stock@system.com',  '$2a$12$cTWQAh2OxHcd0aYV07FDEOfs93r8wbNVl9Fge22YaLCF.07U2ZlYK', (SELECT ID FROM ROLES WHERE NAME = 'STOCK'), 'ACTIVE');
INSERT INTO USERS (USERNAME, FULL_NAME, EMAIL, PASSWORD, ROLE_ID, STATUS) VALUES ('sale',       'Sales Representative',  'sale@system.com',   '$2a$12$U7Ahn7Lz28LcLsH9gJfN/e9Vs.uF0./O5pR8wAyJpw01kb3tPq1Ya', (SELECT ID FROM ROLES WHERE NAME = 'SALES'), 'ACTIVE');
INSERT INTO USERS (USERNAME, FULL_NAME, EMAIL, PASSWORD, ROLE_ID, STATUS) VALUES ('nv.binhnt',  'Nguyen Thi Binh',       'binh.nt@utc.vn',    '$2a$12$2H7sSIL9XV1aUV3qj87TIuUPgGwQTfnHuxFdAXYlWSXHxKyPgelB.', (SELECT ID FROM ROLES WHERE NAME = 'SALES'), 'ACTIVE');
INSERT INTO USERS (USERNAME, FULL_NAME, EMAIL, PASSWORD, ROLE_ID, STATUS) VALUES ('nv.thanhlt', 'Le Thi Thanh',          'thanh.lt@utc.vn',   '$2a$12$2H7sSIL9XV1aUV3qj87TIuUPgGwQTfnHuxFdAXYlWSXHxKyPgelB.', (SELECT ID FROM ROLES WHERE NAME = 'STOCK'), 'ACTIVE');

INSERT INTO SUPPLIERS (NAME, CONTACT_PERSON, PHONE_NUMBER, EMAIL, ADDRESS, TAX_CODE) VALUES ('FPT Distribution',        'Tran Van Minh',    '02473001234', 'contact@fpt-dist.vn',  '17 Duy Tan, Cau Giay, Ha Noi',            '0102050308');
INSERT INTO SUPPLIERS (NAME, CONTACT_PERSON, PHONE_NUMBER, EMAIL, ADDRESS, TAX_CODE) VALUES ('Digiworld Corporation',   'Nguyen Hoang Long','02839300888', 'supply@digiworld.vn',  '23 Nguyen Dinh Chieu, Q3, TP.HCM',        '0302869042');
INSERT INTO SUPPLIERS (NAME, CONTACT_PERSON, PHONE_NUMBER, EMAIL, ADDRESS, TAX_CODE) VALUES ('Samsung Vietnam',         'Kim Ji-hoon',      '02439781234', 'b2b@samsung.com.vn',  'Yen Phong, Bac Ninh',                     '2300441884');
INSERT INTO SUPPLIERS (NAME, CONTACT_PERSON, PHONE_NUMBER, EMAIL, ADDRESS, TAX_CODE) VALUES ('Apple Premium Reseller',  'Dang Thi Lan',     '02838227788', 'wholesale@apr.vn',     '109 Nguyen Du, Q1, TP.HCM',               '0316785432');
INSERT INTO SUPPLIERS (NAME, CONTACT_PERSON, PHONE_NUMBER, EMAIL, ADDRESS, TAX_CODE) VALUES ('Xiaomi Vietnam Reseller', 'Vu Hoang Nam',     '02439998888', 'mi-vietnam@xiaomi.com','88 Tran Duy Hung, Cau Giay, Ha Noi',      '0103456789');

INSERT INTO CATEGORIES (NAME, DESCRIPTION) VALUES ('Dien thoai di dong', 'Smartphone: iPhone, Samsung, Xiaomi, OPPO');
INSERT INTO CATEGORIES (NAME, DESCRIPTION) VALUES ('Laptop & May tinh',  'MacBook, Dell, ASUS, Lenovo');
INSERT INTO CATEGORIES (NAME, DESCRIPTION) VALUES ('May tinh bang',       'iPad, Samsung Galaxy Tab');
INSERT INTO CATEGORIES (NAME, DESCRIPTION) VALUES ('Phu kien dien thoai','Op lung, cap sac, tai nghe');
INSERT INTO CATEGORIES (NAME, DESCRIPTION) VALUES ('Thiet bi am thanh',  'Tai nghe, loa bluetooth, AirPods');

INSERT INTO CUSTOMERS (PHONE_NUMBER, FULL_NAME, EMAIL, ADDRESS) VALUES ('0901234567', 'Nguyen Minh Tuan', 'tuan.nm@gmail.com',  '45 Tran Hung Dao, Q1, TP.HCM');
INSERT INTO CUSTOMERS (PHONE_NUMBER, FULL_NAME, EMAIL, ADDRESS) VALUES ('0912345670', 'Le Thi Hoa',       'hoa.lt@gmail.com',   '12 Ly Thuong Kiet, Hoan Kiem, HN');
INSERT INTO CUSTOMERS (PHONE_NUMBER, FULL_NAME, EMAIL, ADDRESS) VALUES ('0923456780', 'Pham Quoc Dat',    'dat.pq@outlook.com', '78 Dinh Tien Hoang, Binh Thanh');
INSERT INTO CUSTOMERS (PHONE_NUMBER, FULL_NAME, EMAIL, ADDRESS) VALUES ('0934567890', 'Tran Thi Mai',     'mai.tt@yahoo.com',   '23 Nguyen Van Cu, Q5, TP.HCM');
INSERT INTO CUSTOMERS (PHONE_NUMBER, FULL_NAME, EMAIL, ADDRESS) VALUES ('0945678901', 'Hoang Van Dung',   'dung.hv@gmail.com',  '56 Ba Trieu, Hai Ba Trung, HN');

INSERT INTO PRODUCTS (CATEGORY_ID, SKU, NAME, SPECIFICATIONS, IMAGE_URL, WARRANTY_PERIOD, HAS_IMEI, PRICE_IMPORT_STD, PRICE_EXPORT_STD, CURRENT_STOCK, MIN_THRESHOLD) VALUES ((SELECT ID FROM CATEGORIES WHERE NAME = 'Dien thoai di dong'), 'IPH-15PM-BLK',   'iPhone 15 Pro Max 256GB',       'Chip: A17 Pro | RAM: 8GB | 256GB | 48MP',       'https://picsum.photos/500/600', 12, 1, 25500000, 29900000,  8, 5);
INSERT INTO PRODUCTS (CATEGORY_ID, SKU, NAME, SPECIFICATIONS, IMAGE_URL, WARRANTY_PERIOD, HAS_IMEI, PRICE_IMPORT_STD, PRICE_EXPORT_STD, CURRENT_STOCK, MIN_THRESHOLD) VALUES ((SELECT ID FROM CATEGORIES WHERE NAME = 'Dien thoai di dong'), 'SAM-S24U-256',   'Samsung Galaxy S24 Ultra 256GB','Chip: SD8 Gen3 | RAM: 12GB | 200MP',            'https://picsum.photos/500/600', 12, 1, 22000000, 26500000, 12, 5);
INSERT INTO PRODUCTS (CATEGORY_ID, SKU, NAME, SPECIFICATIONS, IMAGE_URL, WARRANTY_PERIOD, HAS_IMEI, PRICE_IMPORT_STD, PRICE_EXPORT_STD, CURRENT_STOCK, MIN_THRESHOLD) VALUES ((SELECT ID FROM CATEGORIES WHERE NAME = 'Dien thoai di dong'), 'XIA-14PRO-512',  'Xiaomi 14 Pro 512GB',           'Chip: SD8 Gen3 | RAM: 16GB | Leica 50MP',       'https://picsum.photos/500/600', 12, 1, 13500000, 17200000,  6, 5);
INSERT INTO PRODUCTS (CATEGORY_ID, SKU, NAME, SPECIFICATIONS, IMAGE_URL, WARRANTY_PERIOD, HAS_IMEI, PRICE_IMPORT_STD, PRICE_EXPORT_STD, CURRENT_STOCK, MIN_THRESHOLD) VALUES ((SELECT ID FROM CATEGORIES WHERE NAME = 'Laptop & May tinh'),  'MAC-AIR-M3-256', 'MacBook Air 13 M3 256GB',       'Chip: M3 | RAM: 8GB | 256GB SSD | 18h',         'https://picsum.photos/500/600', 12, 1, 25800000, 30500000,  5, 3);
INSERT INTO PRODUCTS (CATEGORY_ID, SKU, NAME, SPECIFICATIONS, IMAGE_URL, WARRANTY_PERIOD, HAS_IMEI, PRICE_IMPORT_STD, PRICE_EXPORT_STD, CURRENT_STOCK, MIN_THRESHOLD) VALUES ((SELECT ID FROM CATEGORIES WHERE NAME = 'Phu kien dien thoai'), 'CAB-USBC-2M',    'Cap USB-C 2m 100W',             '2m | 100W | USB 3.2',                           'https://picsum.photos/500/600',  6, 0,    85000,   180000, 45, 20);

INSERT INTO WAREHOUSES (NAME, ADDRESS) VALUES ('Kho Trung Tam Ha Noi',    '15 Pham Hung, Cau Giay, Ha Noi');
INSERT INTO WAREHOUSES (NAME, ADDRESS) VALUES ('Kho Mien Bac Bac Ninh',   'KCN Yen Phong, Bac Ninh');
INSERT INTO WAREHOUSES (NAME, ADDRESS) VALUES ('Kho Mien Nam HCM',        '128 Truong Chinh, Tan Binh, TP.HCM');
INSERT INTO WAREHOUSES (NAME, ADDRESS) VALUES ('Kho Trung Chuyen Da Nang','45 Nguyen Huu Tho, Cam Le, Da Nang');
INSERT INTO WAREHOUSES (NAME, ADDRESS) VALUES ('Kho Du Phong Can Tho',    '102 Nguyen Van Linh, Ninh Kieu, Can Tho');

INSERT INTO WAREHOUSE_LOCATIONS (WAREHOUSE_ID, ZONE_NAME, ROW_NUM, SHELF_NUM, BIN_NUM, CAPACITY) VALUES ((SELECT ID FROM WAREHOUSES WHERE NAME = 'Kho Trung Tam Ha Noi'),    'A', '1', '1', '1', 20);
INSERT INTO WAREHOUSE_LOCATIONS (WAREHOUSE_ID, ZONE_NAME, ROW_NUM, SHELF_NUM, BIN_NUM, CAPACITY) VALUES ((SELECT ID FROM WAREHOUSES WHERE NAME = 'Kho Trung Tam Ha Noi'),    'A', '1', '1', '2', 20);
INSERT INTO WAREHOUSE_LOCATIONS (WAREHOUSE_ID, ZONE_NAME, ROW_NUM, SHELF_NUM, BIN_NUM, CAPACITY) VALUES ((SELECT ID FROM WAREHOUSES WHERE NAME = 'Kho Mien Bac Bac Ninh'),   'A', '1', '1', '1', 20);
INSERT INTO WAREHOUSE_LOCATIONS (WAREHOUSE_ID, ZONE_NAME, ROW_NUM, SHELF_NUM, BIN_NUM, CAPACITY) VALUES ((SELECT ID FROM WAREHOUSES WHERE NAME = 'Kho Mien Nam HCM'),        'B', '1', '1', '1', 20);
INSERT INTO WAREHOUSE_LOCATIONS (WAREHOUSE_ID, ZONE_NAME, ROW_NUM, SHELF_NUM, BIN_NUM, CAPACITY) VALUES ((SELECT ID FROM WAREHOUSES WHERE NAME = 'Kho Trung Chuyen Da Nang'),'C', '1', '1', '1', 20);

INSERT INTO PRODUCT_ITEMS (PRODUCT_ID, LOCATION_ID, IMEI, COST_PRICE, SUPPLIER_ID, CONDITION, STATUS, IMPORT_DATE) VALUES (
    (SELECT ID FROM PRODUCTS WHERE SKU = 'IPH-15PM-BLK'),
    (SELECT ID FROM WAREHOUSE_LOCATIONS WHERE WAREHOUSE_ID = (SELECT ID FROM WAREHOUSES WHERE NAME = 'Kho Trung Tam Ha Noi')    AND ZONE_NAME = 'A' AND ROW_NUM = '1' AND SHELF_NUM = '1' AND BIN_NUM = '1'),
    '358045100001001', 25500000, (SELECT ID FROM SUPPLIERS WHERE NAME = 'Apple Premium Reseller'),  'NEW', 'AVAILABLE', CURRENT_TIMESTAMP - 20);
INSERT INTO PRODUCT_ITEMS (PRODUCT_ID, LOCATION_ID, IMEI, COST_PRICE, SUPPLIER_ID, CONDITION, STATUS, IMPORT_DATE) VALUES (
    (SELECT ID FROM PRODUCTS WHERE SKU = 'SAM-S24U-256'),
    (SELECT ID FROM WAREHOUSE_LOCATIONS WHERE WAREHOUSE_ID = (SELECT ID FROM WAREHOUSES WHERE NAME = 'Kho Trung Tam Ha Noi')    AND ZONE_NAME = 'A' AND ROW_NUM = '1' AND SHELF_NUM = '1' AND BIN_NUM = '2'),
    '352046200002001', 22000000, (SELECT ID FROM SUPPLIERS WHERE NAME = 'Samsung Vietnam'),          'NEW', 'AVAILABLE', CURRENT_TIMESTAMP - 25);
INSERT INTO PRODUCT_ITEMS (PRODUCT_ID, LOCATION_ID, IMEI, COST_PRICE, SUPPLIER_ID, CONDITION, STATUS, IMPORT_DATE) VALUES (
    (SELECT ID FROM PRODUCTS WHERE SKU = 'XIA-14PRO-512'),
    (SELECT ID FROM WAREHOUSE_LOCATIONS WHERE WAREHOUSE_ID = (SELECT ID FROM WAREHOUSES WHERE NAME = 'Kho Mien Bac Bac Ninh')   AND ZONE_NAME = 'A' AND ROW_NUM = '1' AND SHELF_NUM = '1' AND BIN_NUM = '1'),
    '860047300003001', 13500000, (SELECT ID FROM SUPPLIERS WHERE NAME = 'Digiworld Corporation'),    'NEW', 'AVAILABLE', CURRENT_TIMESTAMP - 12);
INSERT INTO PRODUCT_ITEMS (PRODUCT_ID, LOCATION_ID, IMEI, COST_PRICE, SUPPLIER_ID, CONDITION, STATUS, IMPORT_DATE) VALUES (
    (SELECT ID FROM PRODUCTS WHERE SKU = 'MAC-AIR-M3-256'),
    (SELECT ID FROM WAREHOUSE_LOCATIONS WHERE WAREHOUSE_ID = (SELECT ID FROM WAREHOUSES WHERE NAME = 'Kho Mien Nam HCM')        AND ZONE_NAME = 'B' AND ROW_NUM = '1' AND SHELF_NUM = '1' AND BIN_NUM = '1'),
    'C02ZM1YJMD6N001', 25800000, (SELECT ID FROM SUPPLIERS WHERE NAME = 'Apple Premium Reseller'),  'NEW', 'AVAILABLE', CURRENT_TIMESTAMP - 14);
INSERT INTO PRODUCT_ITEMS (PRODUCT_ID, LOCATION_ID, IMEI, COST_PRICE, SUPPLIER_ID, CONDITION, STATUS, IMPORT_DATE) VALUES (
    (SELECT ID FROM PRODUCTS WHERE SKU = 'IPH-15PM-BLK'),
    (SELECT ID FROM WAREHOUSE_LOCATIONS WHERE WAREHOUSE_ID = (SELECT ID FROM WAREHOUSES WHERE NAME = 'Kho Trung Tam Ha Noi')    AND ZONE_NAME = 'A' AND ROW_NUM = '1' AND SHELF_NUM = '1' AND BIN_NUM = '1'),
    '358045100001002', 25500000, (SELECT ID FROM SUPPLIERS WHERE NAME = 'Apple Premium Reseller'),  'NEW', 'AVAILABLE', CURRENT_TIMESTAMP - 20);

INSERT INTO ORDERS (SALE_ID, CUSTOMER_ID, TOTAL_AMOUNT, PAYMENT_METHOD, STATUS, CREATED_AT, UPDATED_AT) VALUES ((SELECT ID FROM USERS WHERE USERNAME = 'admin'), (SELECT ID FROM CUSTOMERS WHERE PHONE_NUMBER = '0901234567'), 29900000, 'TRANSFER', 'COMPLETED', CURRENT_TIMESTAMP - 7, CURRENT_TIMESTAMP - 7);
INSERT INTO ORDERS (SALE_ID, CUSTOMER_ID, TOTAL_AMOUNT, PAYMENT_METHOD, STATUS, CREATED_AT, UPDATED_AT) VALUES ((SELECT ID FROM USERS WHERE USERNAME = 'admin'), (SELECT ID FROM CUSTOMERS WHERE PHONE_NUMBER = '0912345670'), 26500000, 'CASH',     'COMPLETED', CURRENT_TIMESTAMP - 6, CURRENT_TIMESTAMP - 6);
INSERT INTO ORDERS (SALE_ID, CUSTOMER_ID, TOTAL_AMOUNT, PAYMENT_METHOD, STATUS, CREATED_AT, UPDATED_AT) VALUES ((SELECT ID FROM USERS WHERE USERNAME = 'sale'),  (SELECT ID FROM CUSTOMERS WHERE PHONE_NUMBER = '0923456780'), 57400000, 'TRANSFER', 'COMPLETED', CURRENT_TIMESTAMP - 5, CURRENT_TIMESTAMP - 5);
INSERT INTO ORDERS (SALE_ID, CUSTOMER_ID, TOTAL_AMOUNT, PAYMENT_METHOD, STATUS, CREATED_AT, UPDATED_AT) VALUES ((SELECT ID FROM USERS WHERE USERNAME = 'sale'),  (SELECT ID FROM CUSTOMERS WHERE PHONE_NUMBER = '0934567890'), 17200000, 'CASH',     'COMPLETED', CURRENT_TIMESTAMP - 4, CURRENT_TIMESTAMP - 4);
INSERT INTO ORDERS (SALE_ID, CUSTOMER_ID, TOTAL_AMOUNT, PAYMENT_METHOD, STATUS, CREATED_AT, UPDATED_AT) VALUES ((SELECT ID FROM USERS WHERE USERNAME = 'admin'), (SELECT ID FROM CUSTOMERS WHERE PHONE_NUMBER = '0945678901'), 25500000, 'CARD',     'COMPLETED', CURRENT_TIMESTAMP - 4, CURRENT_TIMESTAMP - 4);

INSERT INTO ORDER_ITEMS (ORDER_ID, PRODUCT_ID, QUANTITY, UNIT_PRICE) VALUES (
    (SELECT ID FROM ORDERS WHERE CUSTOMER_ID = (SELECT ID FROM CUSTOMERS WHERE PHONE_NUMBER = '0901234567') AND TOTAL_AMOUNT = 29900000 AND STATUS = 'COMPLETED' FETCH FIRST 1 ROWS ONLY),
    (SELECT ID FROM PRODUCTS WHERE SKU = 'IPH-15PM-BLK'),  1, 29900000);
INSERT INTO ORDER_ITEMS (ORDER_ID, PRODUCT_ID, QUANTITY, UNIT_PRICE) VALUES (
    (SELECT ID FROM ORDERS WHERE CUSTOMER_ID = (SELECT ID FROM CUSTOMERS WHERE PHONE_NUMBER = '0912345670') AND TOTAL_AMOUNT = 26500000 AND STATUS = 'COMPLETED' FETCH FIRST 1 ROWS ONLY),
    (SELECT ID FROM PRODUCTS WHERE SKU = 'SAM-S24U-256'),  1, 26500000);
INSERT INTO ORDER_ITEMS (ORDER_ID, PRODUCT_ID, QUANTITY, UNIT_PRICE) VALUES (
    (SELECT ID FROM ORDERS WHERE CUSTOMER_ID = (SELECT ID FROM CUSTOMERS WHERE PHONE_NUMBER = '0923456780') AND TOTAL_AMOUNT = 57400000 AND STATUS = 'COMPLETED' FETCH FIRST 1 ROWS ONLY),
    (SELECT ID FROM PRODUCTS WHERE SKU = 'IPH-15PM-BLK'),  1, 29900000);
INSERT INTO ORDER_ITEMS (ORDER_ID, PRODUCT_ID, QUANTITY, UNIT_PRICE) VALUES (
    (SELECT ID FROM ORDERS WHERE CUSTOMER_ID = (SELECT ID FROM CUSTOMERS WHERE PHONE_NUMBER = '0934567890') AND TOTAL_AMOUNT = 17200000 AND STATUS = 'COMPLETED' FETCH FIRST 1 ROWS ONLY),
    (SELECT ID FROM PRODUCTS WHERE SKU = 'XIA-14PRO-512'), 1, 17200000);
INSERT INTO ORDER_ITEMS (ORDER_ID, PRODUCT_ID, QUANTITY, UNIT_PRICE) VALUES (
    (SELECT ID FROM ORDERS WHERE CUSTOMER_ID = (SELECT ID FROM CUSTOMERS WHERE PHONE_NUMBER = '0945678901') AND TOTAL_AMOUNT = 25500000 AND STATUS = 'COMPLETED' FETCH FIRST 1 ROWS ONLY),
    (SELECT ID FROM PRODUCTS WHERE SKU = 'MAC-AIR-M3-256'), 1, 25500000);

INSERT INTO STOCK_MOVEMENTS (PRODUCT_ID, TYPE, ACTION_TYPE, QUANTITY, SUPPLIER_ID, CREATED_BY, NOTE, CREATED_AT, UPDATED_AT) VALUES (
    (SELECT ID FROM PRODUCTS WHERE SKU = 'IPH-15PM-BLK'),
    'IMPORT', 'PURCHASE', 10,
    (SELECT ID FROM SUPPLIERS WHERE NAME = 'Apple Premium Reseller'),
    (SELECT ID FROM USERS WHERE USERNAME = 'admin'),
    'Nhap lo iPhone 15 Pro Max dau tien', CURRENT_TIMESTAMP - 20, CURRENT_TIMESTAMP - 20);
INSERT INTO STOCK_MOVEMENTS (PRODUCT_ID, TYPE, ACTION_TYPE, QUANTITY, SUPPLIER_ID, CREATED_BY, NOTE, CREATED_AT, UPDATED_AT) VALUES (
    (SELECT ID FROM PRODUCTS WHERE SKU = 'SAM-S24U-256'),
    'IMPORT', 'PURCHASE', 15,
    (SELECT ID FROM SUPPLIERS WHERE NAME = 'Samsung Vietnam'),
    (SELECT ID FROM USERS WHERE USERNAME = 'admin'),
    'Nhap Samsung Galaxy S24 Ultra tu Samsung Vietnam', CURRENT_TIMESTAMP - 25, CURRENT_TIMESTAMP - 25);
INSERT INTO STOCK_MOVEMENTS (PRODUCT_ID, TYPE, ACTION_TYPE, QUANTITY, SUPPLIER_ID, CREATED_BY, NOTE, CREATED_AT, UPDATED_AT) VALUES (
    (SELECT ID FROM PRODUCTS WHERE SKU = 'XIA-14PRO-512'),
    'IMPORT', 'PURCHASE', 8,
    (SELECT ID FROM SUPPLIERS WHERE NAME = 'Digiworld Corporation'),
    (SELECT ID FROM USERS WHERE USERNAME = 'admin'),
    'Nhap Xiaomi 14 Pro tu Digiworld', CURRENT_TIMESTAMP - 12, CURRENT_TIMESTAMP - 12);
INSERT INTO STOCK_MOVEMENTS (PRODUCT_ID, TYPE, ACTION_TYPE, QUANTITY, SUPPLIER_ID, CREATED_BY, NOTE, CREATED_AT, UPDATED_AT) VALUES (
    (SELECT ID FROM PRODUCTS WHERE SKU = 'MAC-AIR-M3-256'),
    'IMPORT', 'PURCHASE', 5,
    (SELECT ID FROM SUPPLIERS WHERE NAME = 'Apple Premium Reseller'),
    (SELECT ID FROM USERS WHERE USERNAME = 'admin'),
    'Nhap MacBook Air M3 tu APR', CURRENT_TIMESTAMP - 14, CURRENT_TIMESTAMP - 14);
INSERT INTO STOCK_MOVEMENTS (PRODUCT_ID, TYPE, ACTION_TYPE, QUANTITY, SUPPLIER_ID, CREATED_BY, NOTE, CREATED_AT, UPDATED_AT) VALUES (
    (SELECT ID FROM PRODUCTS WHERE SKU = 'CAB-USBC-2M'),
    'IMPORT', 'PURCHASE', 50,
    (SELECT ID FROM SUPPLIERS WHERE NAME = 'FPT Distribution'),
    (SELECT ID FROM USERS WHERE USERNAME = 'admin'),
    'Nhap cap USB-C so luong lon tu FPT', CURRENT_TIMESTAMP - 10, CURRENT_TIMESTAMP - 10);

INSERT INTO AUDIT_LOGS (USER_ID, ACTION, ENTITY_NAME, ENTITY_ID, STATUS, DETAILS, CREATED_AT, UPDATED_AT) VALUES ((SELECT ID FROM USERS WHERE USERNAME = 'admin'), 'CREATE_PRODUCT',   'PRODUCT',       '1',  'SUCCESS', 'Admin tao san pham iPhone 15 Pro Max',               CURRENT_TIMESTAMP - 20, CURRENT_TIMESTAMP - 20);
INSERT INTO AUDIT_LOGS (USER_ID, ACTION, ENTITY_NAME, ENTITY_ID, STATUS, DETAILS, CREATED_AT, UPDATED_AT) VALUES ((SELECT ID FROM USERS WHERE USERNAME = 'admin'), 'IMPORT_STOCK',     'PRODUCT',       '1',  'SUCCESS', 'Nhap kho 10 iPhone 15 PM - Apple Premium Reseller',  CURRENT_TIMESTAMP - 20, CURRENT_TIMESTAMP - 20);
INSERT INTO AUDIT_LOGS (USER_ID, ACTION, ENTITY_NAME, ENTITY_ID, STATUS, DETAILS, CREATED_AT, UPDATED_AT) VALUES ((SELECT ID FROM USERS WHERE USERNAME = 'admin'), 'CREATE_ORDER',     'ORDER',         '1',  'SUCCESS', 'Tao don hang - KH: Nguyen Minh Tuan - 29,900,000',   CURRENT_TIMESTAMP - 7,  CURRENT_TIMESTAMP - 7);
INSERT INTO AUDIT_LOGS (USER_ID, ACTION, ENTITY_NAME, ENTITY_ID, STATUS, DETAILS, CREATED_AT, UPDATED_AT) VALUES ((SELECT ID FROM USERS WHERE USERNAME = 'admin'), 'CREATE_WAREHOUSE', 'WAREHOUSE',     '1',  'SUCCESS', 'Tao kho Trung Tam Ha Noi (60 bin)',                  CURRENT_TIMESTAMP - 5,  CURRENT_TIMESTAMP - 5);
INSERT INTO AUDIT_LOGS (USER_ID, ACTION, ENTITY_NAME, ENTITY_ID, STATUS, DETAILS, CREATED_AT, UPDATED_AT) VALUES ((SELECT ID FROM USERS WHERE USERNAME = 'stock'), 'MARK_DAMAGED',     'PRODUCT_ITEM',  '40', 'SUCCESS', 'Danh dau IMEI bi loi sau khi kiem ke',               CURRENT_TIMESTAMP - 2,  CURRENT_TIMESTAMP - 2);

INSERT INTO WARRANTY_CLAIMS (PRODUCT_ITEM_ID, CUSTOMER_ID, CREATED_BY, ISSUE_DESCRIPTION, STATUS, RECEIVED_DATE) VALUES (
    (SELECT ID FROM PRODUCT_ITEMS WHERE IMEI = '358045100001001'),
    (SELECT ID FROM CUSTOMERS WHERE PHONE_NUMBER = '0901234567'),
    (SELECT ID FROM USERS WHERE USERNAME = 'admin'),
    'Man hinh iPhone 15 PM bi soc doc sau 3 thang', 'FIXING', CURRENT_TIMESTAMP - 5);
INSERT INTO WARRANTY_CLAIMS (PRODUCT_ITEM_ID, CUSTOMER_ID, CREATED_BY, ISSUE_DESCRIPTION, STATUS, RECEIVED_DATE) VALUES (
    (SELECT ID FROM PRODUCT_ITEMS WHERE IMEI = '352046200002001'),
    (SELECT ID FROM CUSTOMERS WHERE PHONE_NUMBER = '0912345670'),
    (SELECT ID FROM USERS WHERE USERNAME = 'admin'),
    'Samsung S24 Ultra khong nhan sac nhanh, pin hao nhanh', 'RECEIVED', CURRENT_TIMESTAMP - 2);
INSERT INTO WARRANTY_CLAIMS (PRODUCT_ITEM_ID, CUSTOMER_ID, CREATED_BY, ISSUE_DESCRIPTION, STATUS, RECEIVED_DATE) VALUES (
    (SELECT ID FROM PRODUCT_ITEMS WHERE IMEI = 'C02ZM1YJMD6N001'),
    (SELECT ID FROM CUSTOMERS WHERE PHONE_NUMBER = '0934567890'),
    (SELECT ID FROM USERS WHERE USERNAME = 'admin'),
    'MacBook Air M3 ban phim bi liet 2 phim sau 1 thang', 'FIXED', CURRENT_TIMESTAMP - 10);
INSERT INTO WARRANTY_CLAIMS (PRODUCT_ITEM_ID, CUSTOMER_ID, CREATED_BY, ISSUE_DESCRIPTION, STATUS, RECEIVED_DATE) VALUES (
    (SELECT ID FROM PRODUCT_ITEMS WHERE IMEI = '860047300003001'),
    (SELECT ID FROM CUSTOMERS WHERE PHONE_NUMBER = '0923456780'),
    (SELECT ID FROM USERS WHERE USERNAME = 'admin'),
    'Xiaomi 14 Pro bi sap nguon lien tuc', 'RECEIVED', CURRENT_TIMESTAMP - 1);
INSERT INTO WARRANTY_CLAIMS (PRODUCT_ITEM_ID, CUSTOMER_ID, CREATED_BY, ISSUE_DESCRIPTION, STATUS, RECEIVED_DATE) VALUES (
    (SELECT ID FROM PRODUCT_ITEMS WHERE IMEI = '358045100001002'),
    (SELECT ID FROM CUSTOMERS WHERE PHONE_NUMBER = '0945678901'),
    (SELECT ID FROM USERS WHERE USERNAME = 'admin'),
    'iPhone 15 PM camera sau bi nhoe, khong lay net duoc', 'FIXING', CURRENT_TIMESTAMP - 3);

INSERT INTO INVENTORY_SESSIONS (CREATED_BY, STATUS, START_DATE, END_DATE) VALUES ((SELECT ID FROM USERS WHERE USERNAME = 'admin'), 'COMPLETED',   CURRENT_TIMESTAMP - 2,  CURRENT_TIMESTAMP - 2  + NUMTODSINTERVAL(45, 'MINUTE'));
INSERT INTO INVENTORY_SESSIONS (CREATED_BY, STATUS, START_DATE, END_DATE) VALUES ((SELECT ID FROM USERS WHERE USERNAME = 'stock'), 'COMPLETED',   CURRENT_TIMESTAMP - 5,  CURRENT_TIMESTAMP - 5  + NUMTODSINTERVAL(60, 'MINUTE'));
INSERT INTO INVENTORY_SESSIONS (CREATED_BY, STATUS, START_DATE, END_DATE) VALUES ((SELECT ID FROM USERS WHERE USERNAME = 'admin'), 'COMPLETED',   CURRENT_TIMESTAMP - 10, CURRENT_TIMESTAMP - 10 + NUMTODSINTERVAL(30, 'MINUTE'));
INSERT INTO INVENTORY_SESSIONS (CREATED_BY, STATUS, START_DATE, END_DATE) VALUES ((SELECT ID FROM USERS WHERE USERNAME = 'stock'), 'COMPLETED',   CURRENT_TIMESTAMP - 15, CURRENT_TIMESTAMP - 15 + NUMTODSINTERVAL(40, 'MINUTE'));
INSERT INTO INVENTORY_SESSIONS (CREATED_BY, STATUS, START_DATE)           VALUES ((SELECT ID FROM USERS WHERE USERNAME = 'admin'), 'IN_PROGRESS', CURRENT_TIMESTAMP - 20 / 1440);

INSERT INTO INVENTORY_DETAILS (SESSION_ID, IMEI, EXPECTED_LOC, ACTUAL_LOC, RECORD_STATUS, NOTE) VALUES (
    (SELECT MAX(ID) FROM INVENTORY_SESSIONS WHERE STATUS = 'COMPLETED'),
    '358045100001001',
    (SELECT LOCATION_ID FROM PRODUCT_ITEMS WHERE IMEI = '358045100001001'),
    (SELECT LOCATION_ID FROM PRODUCT_ITEMS WHERE IMEI = '358045100001001'),
    'MATCH', NULL);
INSERT INTO INVENTORY_DETAILS (SESSION_ID, IMEI, EXPECTED_LOC, ACTUAL_LOC, RECORD_STATUS, NOTE) VALUES (
    (SELECT MAX(ID) FROM INVENTORY_SESSIONS WHERE STATUS = 'COMPLETED'),
    '352046200002001',
    (SELECT LOCATION_ID FROM PRODUCT_ITEMS WHERE IMEI = '352046200002001'),
    (SELECT MIN(ID) FROM WAREHOUSE_LOCATIONS WHERE ID <> (SELECT LOCATION_ID FROM PRODUCT_ITEMS WHERE IMEI = '352046200002001')),
    'MISMATCH', 'Item duoc scan o bin khac voi vi tri ky vong');
INSERT INTO INVENTORY_DETAILS (SESSION_ID, IMEI, EXPECTED_LOC, ACTUAL_LOC, RECORD_STATUS, NOTE) VALUES (
    (SELECT MAX(ID) FROM INVENTORY_SESSIONS WHERE STATUS = 'COMPLETED'),
    'C02ZM1YJMD6N001',
    (SELECT LOCATION_ID FROM PRODUCT_ITEMS WHERE IMEI = 'C02ZM1YJMD6N001'),
    NULL,
    'MISSING', 'Khong tim thay khi kiem ke');
INSERT INTO INVENTORY_DETAILS (SESSION_ID, IMEI, EXPECTED_LOC, ACTUAL_LOC, RECORD_STATUS, NOTE) VALUES (
    (SELECT MAX(ID) FROM INVENTORY_SESSIONS WHERE STATUS = 'COMPLETED'),
    'UNKNOWN_IMEI_99999',
    NULL,
    (SELECT MIN(ID) FROM WAREHOUSE_LOCATIONS),
    'EXTRA', 'IMEI khong co trong he thong nhung phat hien tren ke');
INSERT INTO INVENTORY_DETAILS (SESSION_ID, IMEI, EXPECTED_LOC, ACTUAL_LOC, RECORD_STATUS, NOTE) VALUES (
    (SELECT MAX(ID) FROM INVENTORY_SESSIONS WHERE STATUS = 'COMPLETED'),
    '860047300003001',
    (SELECT LOCATION_ID FROM PRODUCT_ITEMS WHERE IMEI = '860047300003001'),
    (SELECT LOCATION_ID FROM PRODUCT_ITEMS WHERE IMEI = '860047300003001'),
    'MATCH', NULL);

COMMIT;